"Code";"Title";"Naive Code2Text";"Code2ReText"
"01.25Y";"Culture d'autres fruits d'arbres ou d'arbustes et de fruits à coque";"Culture d'autres fruits d'arbres ou d'arbustes et de fruits à coqueproduction de petits fruits rouges.";"production noix et fruits à coque"
"10.71H";"Fabrication de pain et d'autres produits de boulangerie-pâtisserie associée à leur vente au détail";"Boulangerie artisanale, offre de produits frais.";"Boulangerie pâtisserie viennoiserie"
"13.95Y";"Fabrication de textiles non-tissés et articles non-tissés";"Enduction de textiles non-tissés.";"Fabrication de textiles non-tissés et articles non-tissés"
"26.11Y";"Fabrication de composants électroniques";"Production de cellules photovoltaïques pour applications variées.";"Fabrication de condensateurs et de composants passifs pour l'industrie"
"28.95Y";"Fabrication de machines pour les industries du papier et du carton";"Machines complètes pour industries du papier.";"Fabrication de machines pour les industries du papier et du carton"
"30.99Y";"Fabrication d’autres équipements de transport n.c.a.";"Conception de chariots de supermarché.";"Fabrication d'autres équipements de transport n.c.a."
"43.50Y";"Travaux de construction spécialisés en génie civil";"Construction d’ouvrages d'art complexe.";"MONTAGE STRUCTURES METALLIQUES POUR GENIE CIVIL"
"46.84H";"Commerce de gros de fournitures pour plomberie et chauffage";"Commerce interentreprises de matériel de chauffage industriel.";"Plomberie chauffage"
"70.20Y";"Activités de conseil pour les affaires et autre conseil de gestion";"Prestation de services de conseil en organisation";"CONSEIL GESTION"
"94.99Y";"Activités des organisations associatives n.c.a.";"Promotion des intérêts collectifs";"AUTRE ORGANISME FONCTIONNANT PAR ADHESION VOLONTAIRE"
