C,max_depth,n_estimators,hidden_layers,dropout_layers,lr,eval_accuracy,eval_f1,eval_fpr,train_accuracy,train_f1,train_fpr,model
,,,"[1024, 512, 256]","[0.3, 0.2, 0]",0.001,0.9937,0.9937,0.0067,0.999,0.999,0.0006,mlp
,,,"[1024, 256]","[0.3, 0]",0.001,0.9941,0.9941,0.0069,0.9987,0.9987,0.001,mlp
,,,"[1024, 256]","[0.3, 0]",0.001,0.9941,0.9941,0.0069,0.9987,0.9987,0.001,mlp
,,,"[1024, 512, 256]","[0.3, 0.2, 0]",0.01,0.9907,0.9907,0.0122,0.9963,0.9963,0.0044,mlp
,,,"[1024, 256]","[0.3, 0]",0.01,0.9912,0.9912,0.013,0.9962,0.9963,0.0056,mlp
10.0,,,,,,0.9864,0.9864,0.0152,0.9897,0.9897,0.0115,logreg
1.0,,,,,,0.9847,0.9847,0.016,0.9869,0.9869,0.0135,svm
,6,200,,,,0.985,0.985,0.0171,0.9999,0.9999,0.0,xgboost
,6,100,,,,0.9786,0.9786,0.0251,0.9965,0.9965,0.0036,xgboost
1.0,,,,,,0.9706,0.9705,0.0292,0.9736,0.9736,0.0268,logreg
,6,200,,,,0.9757,0.9758,0.0302,0.9918,0.9918,0.0092,xgboost
0.1,,,,,,0.9638,0.9636,0.0346,0.9657,0.9657,0.0339,svm
,6,50,,,,0.9625,0.9626,0.0438,0.9784,0.9785,0.0259,xgboost
,6,200,,,,0.9607,0.9608,0.0468,0.9744,0.9745,0.0311,xgboost
,3,200,,,,0.9602,0.9604,0.0473,0.9693,0.9695,0.0368,xgboost
,6,100,,,,0.9595,0.9597,0.0494,0.9727,0.9729,0.0333,xgboost
0.1,,,,,,0.9342,0.9337,0.0612,0.9339,0.9338,0.064,logreg
,6,100,,,,0.9376,0.938,0.0741,0.9483,0.9489,0.0623,xgboost
,3,100,,,,0.9348,0.9352,0.0744,0.9412,0.9417,0.0671,xgboost
,6,50,,,,0.9344,0.9349,0.0781,0.9441,0.9448,0.0669,xgboost
,3,200,,,,0.9276,0.9279,0.08,0.9318,0.9323,0.0757,xgboost
,6,50,,,,0.9128,0.9136,0.0997,0.9202,0.9213,0.0929,xgboost
,3,50,,,,0.903,0.9033,0.1043,0.9061,0.907,0.1028,xgboost
,3,200,,,,0.8988,0.8992,0.1079,0.9,0.9008,0.1076,xgboost
,3,100,,,,0.898,0.8986,0.1109,0.8999,0.9009,0.1093,xgboost
,6,200,,,,0.8832,0.8847,0.1334,0.8878,0.8897,0.1277,xgboost
,6,100,,,,0.8815,0.8834,0.1382,0.8852,0.8874,0.1331,xgboost
,3,100,,,,0.8655,0.8662,0.1429,0.8664,0.8675,0.1409,xgboost
,3,50,,,,0.865,0.8658,0.1444,0.8662,0.8674,0.1426,xgboost
,6,50,,,,0.8808,0.8838,0.1492,0.8843,0.8876,0.1437,xgboost
,3,50,,,,0.8313,0.8307,0.1686,0.8346,0.8348,0.1658,xgboost
,3,200,,,,0.7961,0.7938,0.1958,0.796,0.7947,0.1969,xgboost
,3,100,,,,0.7931,0.7911,0.2007,0.7946,0.7937,0.2,xgboost
,3,50,,,,0.7984,0.8007,0.2164,0.8006,0.8036,0.2138,xgboost
